,Embedding,Model,Balanced_Accuracy,Weighted_Precision,Weighted_Recall,Confusion_Matrix
0,tf-idf+SVD,KNN,0.5834157678137637,0.6242102132213487,0.6166241439505842,"[[2619  339  490  176   82]
 [ 254 3201  332  249  145]
 [ 378  326 1279  196   75]
 [ 386  404  437 1018  132]
 [ 287  433  356  233 1067]]"
1,tf-idf+SVD,Logistic Regression,0.7472516795053001,0.769195411290756,0.7684302403652478,"[[3097  158  218  172   61]
 [ 148 3556  132  229  116]
 [ 310  206 1472  205   61]
 [ 218  244  140 1668  107]
 [ 140  254  100  230 1652]]"
2,tf-idf+SVD,CatBoost,0.7453810312248026,0.7677268090204767,0.7666845709681751,"[[3069  156  227  188   66]
 [ 119 3570  142  233  117]
 [ 284  185 1468  235   82]
 [ 196  211  148 1695  127]
 [ 143  245  124  247 1617]]"
3,tf-idf+SVD,MLP,0.756616926197762,0.7749789002531466,0.7760843292601047,"[[3093  123  233  164   93]
 [ 114 3570  118  194  185]
 [ 267  152 1506  195  134]
 [ 182  217  154 1603  221]
 [ 102  194   92  201 1787]]"
4,Sentence-BERT,KNN,0.7309041900402123,0.7629457608808746,0.7562776957163959,"[[3060  203  124  235   84]
 [ 148 3580   51  300  102]
 [ 379  281 1175  316  103]
 [ 169  204   83 1787  134]
 [ 113  272   51  278 1662]]"
5,Sentence-BERT,Logistic Regression,0.7461130720839815,0.7659761353437177,0.765408889485699,"[[3059  159  220  205   63]
 [ 138 3509  147  226  161]
 [ 307  199 1427  239   82]
 [ 175  213  140 1713  136]
 [ 110  232  113  229 1692]]"
6,Sentence-BERT,CatBoost,0.7504712067873232,0.7701122685598702,0.7698402041090372,"[[3094  150  210  184   68]
 [ 145 3516  136  234  150]
 [ 304  188 1452  222   88]
 [ 173  207  155 1703  139]
 [ 104  222  119  230 1701]]"
7,Sentence-BERT,MLP,0.767682339424649,0.7882049816866109,0.7840069826775883,"[[3134   87  252  186   47]
 [ 140 3513  169  247  112]
 [ 274  134 1573  214   59]
 [ 171  150  194 1753  109]
 [ 116  180  148  228 1704]]"
8,Word2Vec,KNN,0.6001032788421309,0.6312213351419677,0.634752249227877,"[[2847  305  278  163  113]
 [ 429 3140  147  270  195]
 [ 548  359  981  207  159]
 [ 354  372  132 1335  184]
 [ 298  502  151  274 1151]]"
9,Word2Vec,Logistic Regression,0.6886914937114981,0.7091991697083374,0.7104203034779105,"[[2885  190  305  207  119]
 [ 253 3316  148  252  212]
 [ 452  171 1261  214  156]
 [ 224  232  158 1592  171]
 [ 166  299  137  247 1527]]"
10,Word2Vec,CatBoost,0.6986272443392874,0.7204996247710864,0.721364307774943,"[[2928  188  278  205  107]
 [ 212 3386  133  273  177]
 [ 399  196 1274  238  147]
 [ 207  248  145 1628  149]
 [ 165  287  141  255 1528]]"
11,Word2Vec,MLP,0.7162079915823911,0.7381504097484124,0.7383510138310729,"[[3033  134  289  177   73]
 [ 218 3411  132  265  155]
 [ 399  151 1354  205  145]
 [ 250  205  149 1618  155]
 [ 181  255  139  220 1581]]"
